date,seoul_tmax,seoul_tmin,seoul_tmean,seoul_precip_mm,seoul_rain_mm,seoul_snow_cm,seoul_precip_hours,seoul_weather_code,seoul_cloud_pct,tokyo_tmax,tokyo_tmin,tokyo_tmean,tokyo_precip_mm,tokyo_rain_mm,tokyo_snow_cm,tokyo_precip_hours,tokyo_weather_code,tokyo_cloud_pct,tmean_diff_seoul_minus_tokyo,seoul_tmean_change,tokyo_tmean_change
2026-01-01,-4.4,-11.2,-8.2,0.0,0.0,0.0,0.0,3,27,9.8,2.9,5.8,0.0,0.0,0.0,0.0,3,63,-14.0,,
2026-01-02,-5.8,-12.2,-9.2,0.0,0.0,0.0,0.0,0,0,8.8,0.8,4.3,2.8,0.5,0.7,7.0,85,78,-13.5,-1.0,-1.5
2026-01-03,-0.9,-10.7,-5.8,0.0,0.0,0.0,0.0,3,47,9.1,-1.2,3.4,0.0,0.0,0.0,0.0,3,12,-9.2,3.4,-0.9
2026-01-04,2.4,-4.6,-1.4,0.0,0.0,0.0,0.0,3,79,9.9,0.5,5.1,0.0,0.0,0.0,0.0,0,0,-6.5,4.4,1.7
2026-01-05,0.1,-5.0,-2.9,0.0,0.0,0.0,0.0,3,17,10.6,0.7,5.0,0.0,0.0,0.0,0.0,3,30,-7.9,-1.5,-0.1
2026-01-06,2.4,-7.6,-3.0,0.0,0.0,0.0,0.0,3,23,11.0,2.6,6.0,0.0,0.0,0.0,0.0,3,21,-9.0,-0.1,1.0
2026-01-07,0.9,-5.6,-1.3,0.0,0.0,0.0,0.0,3,12,5.9,1.4,3.1,0.0,0.0,0.0,0.0,3,63,-4.4,1.7,-2.9
2026-01-08,-3.2,-8.5,-5.7,0.0,0.0,0.0,0.0,0,0,9.3,-2.0,3.0,0.0,0.0,0.0,0.0,3,14,-8.7,-4.4,-0.1
2026-01-09,3.1,-7.7,-1.9,0.1,0.0,0.0,1.0,51,63,9.2,1.3,4.9,0.0,0.0,0.0,0.0,2,13,-6.8,3.8,1.9
2026-01-10,4.1,-5.0,0.7,7.1,0.4,2.1,9.0,86,59,13.9,0.6,7.6,0.0,0.0,0.0,0.0,3,30,-6.9,2.6,2.7
2026-01-11,-5.0,-9.5,-7.3,0.0,0.0,0.0,0.0,2,8,16.5,4.3,11.5,0.0,0.0,0.0,0.0,3,44,-18.8,-8.0,3.9
2026-01-12,0.3,-10.7,-5.6,3.1,0.0,2.17,7.0,86,78,9.0,-0.1,4.7,0.0,0.0,0.0,0.0,2,6,-10.3,1.7,-6.8
2026-01-13,1.0,-8.5,-4.1,0.2,0.1,0.07,1.0,71,10,14.3,-2.2,6.7,0.0,0.0,0.0,0.0,2,18,-10.8,1.5,2.0
2026-01-14,-0.4,-10.6,-5.3,0.2,0.2,0.0,1.0,51,35,11.2,3.3,6.9,0.0,0.0,0.0,0.0,1,3,-12.2,-1.2,0.2
2026-01-15,7.2,-1.4,2.1,0.0,0.0,0.0,0.0,3,75,11.0,1.2,6.7,0.0,0.0,0.0,0.0,3,46,-4.6,7.4,-0.2
2026-01-16,6.2,-1.7,0.9,0.0,0.0,0.0,0.0,3,71,17.6,3.5,10.5,0.0,0.0,0.0,0.0,0,1,-9.6,-1.2,3.8
2026-01-17,1.8,-5.7,-1.7,0.0,0.0,0.0,0.0,3,5,15.3,3.1,9.2,0.0,0.0,0.0,0.0,1,5,-10.9,-2.6,-1.3
2026-01-18,3.3,-4.4,-1.0,0.8,0.0,0.56,5.0,73,75,12.8,5.7,8.9,0.0,0.0,0.0,0.0,3,9,-9.9,0.7,-0.3
2026-01-19,-1.0,-10.5,-4.7,2.4,0.1,1.61,8.0,85,72,12.2,5.1,7.9,0.0,0.0,0.0,0.0,3,76,-12.6,-3.7,-1.0
2026-01-20,-5.9,-13.8,-10.4,0.0,0.0,0.0,0.0,3,45,8.2,2.2,5.9,0.0,0.0,0.0,0.0,3,70,-16.3,-5.7,-2.0
2026-01-21,-7.3,-14.3,-11.0,0.0,0.0,0.0,0.0,0,1,5.8,1.0,2.7,0.0,0.0,0.0,0.0,3,92,-13.7,-0.6,-3.2
2026-01-22,-6.2,-14.8,-10.6,0.0,0.0,0.0,0.0,0,1,6.4,-1.1,2.4,0.0,0.0,0.0,0.0,3,37,-13.0,0.4,-0.3
2026-01-23,-2.3,-13.2,-8.0,0.8,0.0,0.56,2.0,85,36,8.1,-3.5,2.9,0.0,0.0,0.0,0.0,2,8,-10.9,2.6,0.5
2026-01-24,-3.6,-12.7,-7.3,0.0,0.0,0.0,0.0,2,5,10.4,-3.0,3.8,0.2,0.0,0.0,2.0,51,15,-11.1,0.7,0.9
2026-01-25,-3.8,-12.2,-8.2,0.0,0.0,0.0,0.0,3,16,7.2,0.5,3.3,0.0,0.0,0.0,0.0,3,19,-11.5,-0.9,-0.5
2026-01-26,-2.5,-11.4,-7.2,0.0,0.0,0.0,0.0,3,83,7.9,-0.5,3.9,0.0,0.0,0.0,0.0,3,60,-11.1,1.0,0.6
2026-01-27,-1.8,-9.0,-5.7,0.0,0.0,0.0,0.0,3,19,9.8,1.4,5.4,0.0,0.0,0.0,0.0,3,36,-11.1,1.5,1.5
2026-01-28,-2.5,-10.7,-6.8,0.0,0.0,0.0,0.0,0,0,9.0,1.6,5.2,0.0,0.0,0.0,0.0,3,50,-12.0,-1.1,-0.2
2026-01-29,-1.9,-10.6,-6.6,0.0,0.0,0.0,0.0,3,16,8.0,1.5,4.5,0.4,0.0,0.28,3.0,85,59,-11.1,0.2,-0.7
2026-01-30,-3.7,-11.4,-7.8,0.0,0.0,0.0,0.0,3,47,8.9,-1.8,3.3,0.0,0.0,0.0,0.0,3,16,-11.1,-1.2,-1.2
2026-01-31,-0.6,-12.1,-6.4,0.0,0.0,0.0,0.0,3,24,8.6,-0.3,4.0,0.0,0.0,0.0,0.0,3,17,-10.4,1.4,0.7
2026-02-01,0.6,-8.8,-3.8,0.1,0.0,0.07,1.0,85,40,10.6,-1.1,4.9,0.0,0.0,0.0,0.0,3,20,-8.7,2.6,0.9
2026-02-02,-0.5,-6.7,-3.5,1.3,0.0,0.91,4.0,85,28,10.7,0.6,6.0,0.0,0.0,0.0,0.0,3,25,-9.5,0.3,1.1
2026-02-03,3.0,-8.9,-3.2,0.0,0.0,0.0,0.0,3,20,9.9,2.3,5.6,0.0,0.0,0.0,0.0,1,6,-8.8,0.3,-0.4
2026-02-04,5.7,-2.3,0.8,0.0,0.0,0.0,0.0,3,69,11.0,-0.3,5.6,0.0,0.0,0.0,0.0,3,34,-4.8,4.0,0.0
2026-02-05,7.5,-3.1,1.7,0.0,0.0,0.0,0.0,3,84,13.4,2.0,8.1,0.0,0.0,0.0,0.0,3,67,-6.4,0.9,2.5
2026-02-06,-3.9,-9.8,-6.7,0.0,0.0,0.0,0.0,3,80,15.8,1.4,8.5,0.0,0.0,0.0,0.0,3,35,-15.2,-8.4,0.4
2026-02-07,-5.1,-11.0,-8.7,0.0,0.0,0.0,0.0,3,29,5.9,0.6,2.7,3.9,0.1,2.66,12.0,73,98,-11.4,-2.0,-5.8
2026-02-08,-4.8,-13.3,-9.1,0.0,0.0,0.0,0.0,0,0,0.3,-3.4,-1.8,8.6,0.4,5.74,14.0,75,86,-7.3,-0.4,-4.5
2026-02-09,1.3,-11.0,-5.2,0.0,0.0,0.0,0.0,3,11,9.1,-3.1,2.6,0.0,0.0,0.0,0.0,2,4,-7.8,3.9,4.4
2026-02-10,4.7,-3.3,-0.5,0.6,0.3,0.21,6.0,71,100,10.7,-0.5,5.1,0.0,0.0,0.0,0.0,3,48,-5.6,4.7,2.5
2026-02-11,5.3,-1.8,1.1,0.0,0.0,0.0,0.0,3,65,9.0,0.8,5.3,13.5,10.9,0.0,10.0,81,70,-4.2,1.6,0.2
2026-02-12,6.6,-4.0,0.6,0.0,0.0,0.0,0.0,3,23,10.2,3.8,6.5,0.0,0.0,0.0,0.0,3,51,-5.9,-0.5,1.2
2026-02-13,8.4,-0.4,3.1,0.0,0.0,0.0,0.0,3,75,12.0,2.4,6.4,0.0,0.0,0.0,0.0,3,21,-3.3,2.5,-0.1
2026-02-14,10.5,-0.5,4.3,0.0,0.0,0.0,0.0,3,94,15.0,1.2,8.2,0.0,0.0,0.0,0.0,3,49,-3.9,1.2,1.8
2026-02-15,9.3,-1.2,4.5,0.0,0.0,0.0,0.0,3,66,18.1,5.4,11.6,0.0,0.0,0.0,0.0,3,14,-7.1,0.2,3.4
2026-02-16,6.0,-3.7,0.3,0.0,0.0,0.0,0.0,3,56,15.4,6.0,11.0,5.3,4.8,0.0,6.0,61,75,-10.7,-4.2,-0.6
2026-02-17,4.7,-4.9,-0.7,0.0,0.0,0.0,0.0,2,6,7.1,2.8,5.1,2.6,2.6,0.0,6.0,55,98,-5.8,-1.0,-5.9
2026-02-18,5.0,-2.2,1.1,0.0,0.0,0.0,0.0,0,0,11.6,3.4,7.2,0.1,0.0,0.0,1.0,51,24,-6.1,1.8,2.1
2026-02-19,5.0,-4.2,-0.4,0.0,0.0,0.0,0.0,0,0,9.8,1.5,5.0,0.0,0.0,0.0,0.0,0,3,-5.4,-1.5,-2.2
2026-02-20,10.6,-2.5,3.1,0.0,0.0,0.0,0.0,2,4,10.8,0.2,5.5,0.0,0.0,0.0,0.0,3,65,-2.4,3.5,0.5
2026-02-21,15.1,1.2,7.5,0.0,0.0,0.0,0.0,3,27,14.7,3.0,9.0,0.0,0.0,0.0,0.0,2,9,-1.5,4.4,3.5
2026-02-22,10.8,0.1,6.9,0.1,0.0,0.0,1.0,51,46,17.5,2.4,11.2,0.0,0.0,0.0,0.0,3,21,-4.3,-0.6,2.2
2026-02-23,4.4,-2.7,0.4,0.0,0.0,0.0,0.0,3,51,22.8,12.2,17.6,0.0,0.0,0.0,0.0,3,46,-17.2,-6.5,6.4
2026-02-24,3.8,-1.4,0.4,1.3,0.0,0.91,9.0,73,76,19.2,10.6,13.8,0.0,0.0,0.0,0.0,3,96,-13.4,0.0,-3.8
2026-02-25,12.4,-1.7,4.3,0.0,0.0,0.0,0.0,0,0,13.1,6.5,9.4,49.5,48.2,0.0,22.0,81,100,-5.1,3.9,-4.4
2026-02-26,10.9,-1.4,4.8,0.0,0.0,0.0,0.0,3,75,12.1,5.7,8.5,0.8,0.8,0.0,3.0,53,95,-3.7,0.5,-0.9
2026-02-27,12.0,3.6,7.1,0.0,0.0,0.0,0.0,3,49,16.2,7.9,11.4,0.0,0.0,0.0,0.0,3,100,-4.3,2.3,2.9
2026-02-28,13.7,-0.5,6.2,0.0,0.0,0.0,0.0,3,18,17.8,9.6,12.6,0.0,0.0,0.0,0.0,3,55,-6.4,-0.9,1.2
2026-03-01,11.5,3.1,6.6,0.5,0.5,0.0,3.0,51,98,16.7,6.9,11.5,0.0,0.0,0.0,0.0,3,25,-4.9,0.4,-1.1
2026-03-02,5.3,1.6,3.7,12.0,10.7,0.91,20.0,73,100,13.1,8.1,10.5,0.2,0.2,0.0,2.0,51,99,-6.8,-2.9,-1.0
2026-03-03,9.7,1.0,4.5,1.4,1.1,0.21,6.0,71,85,10.4,4.3,7.5,18.4,17.1,0.0,20.0,80,100,-3.0,0.8,-3.0
2026-03-04,9.9,-0.6,4.5,0.0,0.0,0.0,0.0,3,27,13.9,4.5,8.0,19.2,16.0,0.0,11.0,81,54,-3.5,0.0,0.5
2026-03-05,11.2,-1.2,3.8,11.8,5.2,4.62,7.0,75,79,14.6,5.4,8.5,0.0,0.0,0.0,0.0,1,7,-4.7,-0.7,0.5
2026-03-06,4.0,-2.1,1.0,0.9,0.2,0.35,3.0,73,83,13.2,3.5,7.9,0.0,0.0,0.0,0.0,3,66,-6.9,-2.8,-0.6
2026-03-07,3.9,-4.1,-0.6,0.0,0.0,0.0,0.0,1,2,15.1,6.8,10.8,1.7,1.6,0.0,5.0,53,71,-11.4,-1.6,2.9
2026-03-08,4.9,-4.3,-0.2,0.0,0.0,0.0,0.0,3,26,10.6,3.2,6.4,0.6,0.1,0.07,3.0,85,36,-6.6,0.4,-4.4
2026-03-09,6.8,-1.0,2.7,0.1,0.0,0.0,1.0,51,52,11.6,2.2,6.6,0.0,0.0,0.0,0.0,3,74,-3.9,2.9,0.2
2026-03-10,6.8,-2.8,1.5,0.0,0.0,0.0,0.0,3,18,8.2,2.3,4.9,4.0,0.6,0.63,11.0,85,49,-3.4,-1.2,-1.7
2026-03-11,7.9,-1.4,2.5,0.0,0.0,0.0,0.0,3,48,10.1,0.5,5.5,0.0,0.0,0.0,0.0,3,20,-3.0,1.0,0.6
2026-03-12,11.5,-1.2,4.8,0.0,0.0,0.0,0.0,2,16,11.2,3.4,7.0,0.0,0.0,0.0,0.0,3,34,-2.2,2.3,1.5
2026-03-13,10.6,0.4,5.3,0.0,0.0,0.0,0.0,3,24,10.0,2.8,6.6,0.0,0.0,0.0,0.0,3,95,-1.3,0.5,-0.4
2026-03-14,11.3,2.3,5.6,0.0,0.0,0.0,0.0,3,80,15.4,5.0,9.3,0.0,0.0,0.0,0.0,3,35,-3.7,0.3,2.7
2026-03-15,9.7,2.4,5.2,0.4,0.4,0.0,4.0,51,69,15.3,4.5,10.1,0.0,0.0,0.0,0.0,3,41,-4.9,-0.4,0.8
2026-03-16,11.4,-0.3,5.0,0.0,0.0,0.0,0.0,3,75,13.7,6.9,9.8,2.8,2.7,0.0,10.0,53,80,-4.8,-0.2,-0.3
2026-03-17,12.5,-1.5,5.3,0.0,0.0,0.0,0.0,3,13,14.5,7.6,10.9,0.0,0.0,0.0,0.0,3,71,-5.6,0.3,1.1
2026-03-18,8.8,3.4,5.1,5.6,5.6,0.0,10.0,55,96,16.9,7.9,12.4,4.2,0.7,0.0,9.0,80,91,-7.3,-0.2,1.5
2026-03-19,10.5,-1.1,4.1,0.0,0.0,0.0,0.0,3,32,19.5,10.6,14.1,7.2,6.3,0.0,13.0,80,96,-10.0,-1.0,1.7
2026-03-20,11.5,-0.1,5.2,0.0,0.0,0.0,0.0,3,14,11.1,7.3,9.7,4.8,4.8,0.0,10.0,61,89,-4.5,1.1,-4.4
2026-03-21,12.5,-0.5,5.5,0.0,0.0,0.0,0.0,3,20,15.2,3.7,9.5,0.0,0.0,0.0,0.0,1,7,-4.0,0.3,-0.2
2026-03-22,15.6,2.1,7.6,0.0,0.0,0.0,0.0,3,59,15.7,3.8,10.3,0.0,0.0,0.0,0.0,3,61,-2.7,2.1,0.8
2026-03-23,17.1,2.2,9.1,0.0,0.0,0.0,0.0,3,56,15.8,9.2,11.5,2.8,2.8,0.0,8.0,53,55,-2.4,1.5,1.2
2026-03-24,16.0,5.3,10.3,0.0,0.0,0.0,0.0,3,93,16.8,8.2,12.2,0.0,0.0,0.0,0.0,3,38,-1.9,1.2,0.7
2026-03-25,17.9,6.0,10.9,0.0,0.0,0.0,0.0,3,38,12.5,9.4,10.9,11.9,11.3,0.0,15.0,80,100,0.0,0.6,-1.3
2026-03-26,17.6,4.8,10.1,0.0,0.0,0.0,0.0,2,11,13.3,9.9,11.3,17.3,15.9,0.0,19.0,80,100,-1.2,-0.8,0.4
2026-03-27,16.8,4.8,9.8,0.0,0.0,0.0,0.0,2,8,16.5,9.2,12.8,6.4,3.9,0.0,7.0,81,56,-3.0,-0.3,1.5
2026-03-28,18.4,4.7,10.1,0.0,0.0,0.0,0.0,3,23,17.7,9.5,13.6,3.7,2.9,0.0,7.0,80,54,-3.5,0.3,0.8
2026-03-29,18.6,5.1,11.3,0.0,0.0,0.0,0.0,3,90,20.3,10.4,15.0,1.2,0.0,0.0,4.0,53,39,-3.7,1.2,1.4
2026-03-30,18.3,9.0,12.9,1.3,1.3,0.0,3.0,53,100,19.4,11.5,15.4,0.6,0.6,0.0,4.0,51,98,-2.5,1.6,0.4
2026-03-31,17.5,9.4,13.3,7.5,7.5,0.0,9.0,61,89,19.2,15.9,16.9,13.9,12.0,0.0,16.0,81,100,-3.6,0.4,1.5
2026-04-01,16.4,8.5,11.5,0.1,0.0,0.0,1.0,51,81,17.8,10.8,14.4,17.4,17.2,0.0,14.0,81,97,-2.9,-1.8,-2.5
2026-04-02,16.0,4.7,9.7,0.0,0.0,0.0,0.0,3,5,16.2,9.0,11.0,24.9,23.6,0.0,14.0,81,64,-1.3,-1.8,-3.4
2026-04-03,20.4,6.6,12.6,0.0,0.0,0.0,0.0,3,98,18.1,7.0,12.8,0.0,0.0,0.0,0.0,3,22,-0.2,2.9,1.8
2026-04-04,19.4,9.8,13.6,2.0,2.0,0.0,5.0,53,75,16.0,12.2,14.2,16.4,15.3,0.0,13.0,80,100,-0.6,1.0,1.4
2026-04-05,15.9,6.8,10.3,4.1,0.4,0.0,2.0,81,78,23.2,13.3,18.4,4.2,4.0,0.0,6.0,61,98,-8.1,-3.3,4.2
2026-04-06,13.1,5.5,9.7,3.6,0.1,0.0,5.0,80,61,22.7,14.7,18.1,0.4,0.4,0.0,2.0,51,78,-8.4,-0.6,-0.3
2026-04-07,12.4,1.5,6.7,0.0,0.0,0.0,0.0,0,1,18.3,8.7,14.9,0.5,0.3,0.0,2.0,51,96,-8.2,-3.0,-3.2
2026-04-08,14.7,2.1,8.3,0.0,0.0,0.0,0.0,3,14,16.7,6.4,11.3,0.0,0.0,0.0,0.0,1,4,-3.0,1.6,-3.6
2026-04-09,10.8,6.7,8.9,29.5,17.4,0.0,14.0,81,100,18.9,9.2,14.8,3.6,0.0,0.0,2.0,81,71,-5.9,0.6,3.5
2026-04-10,11.5,7.5,9.9,6.8,4.6,0.0,12.0,81,96,20.0,15.7,17.8,19.6,15.0,0.0,21.0,81,100,-7.9,1.0,3.0
2026-04-11,15.5,7.2,10.0,0.0,0.0,0.0,0.0,3,80,25.5,15.3,19.8,0.0,0.0,0.0,0.0,3,51,-9.8,0.1,2.0
2026-04-12,20.6,4.6,12.2,0.0,0.0,0.0,0.0,3,85,21.4,12.2,16.6,0.0,0.0,0.0,0.0,3,72,-4.4,2.2,-3.2
2026-04-13,24.3,7.2,15.7,0.0,0.0,0.0,0.0,3,49,22.6,12.2,17.6,0.0,0.0,0.0,0.0,3,76,-1.9,3.5,1.0
2026-04-14,24.8,10.7,17.6,0.0,0.0,0.0,0.0,3,78,23.5,14.2,18.0,0.1,0.1,0.0,1.0,51,78,-0.4,1.9,0.4
2026-04-15,24.6,11.0,16.8,0.0,0.0,0.0,0.0,3,42,23.1,14.2,17.9,10.5,7.8,0.0,5.0,81,91,-1.1,-0.8,-0.1
2026-04-16,25.4,9.9,17.3,0.0,0.0,0.0,0.0,3,62,21.3,10.6,15.6,7.4,5.5,0.0,12.0,55,45,1.7,0.5,-2.3
2026-04-17,20.5,13.0,16.1,0.0,0.0,0.0,0.0,3,69,17.8,8.3,12.9,0.0,0.0,0.0,0.0,3,62,3.2,-1.2,-2.7
2026-04-18,26.4,9.4,17.5,0.0,0.0,0.0,0.0,3,34,21.0,11.0,15.9,0.0,0.0,0.0,0.0,3,64,1.6,1.4,3.0
2026-04-19,29.0,13.4,20.3,0.0,0.0,0.0,0.0,3,50,24.6,13.5,18.4,0.0,0.0,0.0,0.0,3,81,1.9,2.8,2.5
2026-04-20,16.4,8.4,12.4,2.4,0.5,0.0,5.0,55,59,23.6,14.4,18.5,0.0,0.0,0.0,0.0,3,61,-6.1,-7.9,0.1
2026-04-21,17.4,5.5,11.0,0.0,0.0,0.0,0.0,3,56,24.8,16.5,19.8,0.0,0.0,0.0,0.0,3,55,-8.8,-1.4,1.3
2026-04-22,18.9,9.0,13.3,0.0,0.0,0.0,0.0,3,80,23.3,12.2,18.2,0.0,0.0,0.0,0.0,3,68,-4.9,2.3,-1.6
2026-04-23,22.5,9.8,16.0,0.0,0.0,0.0,0.0,3,91,20.2,12.6,16.5,20.2,17.7,0.0,12.0,81,100,-0.5,2.7,-1.7
2026-04-24,25.6,8.2,16.6,0.0,0.0,0.0,0.0,0,0,18.7,11.9,14.4,6.6,5.9,0.0,8.0,81,100,2.2,0.6,-2.1
2026-04-25,25.1,10.4,17.2,0.0,0.0,0.0,0.0,0,0,17.5,10.8,13.9,0.0,0.0,0.0,0.0,3,67,3.3,0.6,-0.5
2026-04-26,23.7,9.2,16.4,0.0,0.0,0.0,0.0,3,25,20.3,9.2,15.3,0.0,0.0,0.0,0.0,3,69,1.1,-0.8,1.4
2026-04-27,21.7,11.3,14.8,4.0,0.1,0.0,4.0,80,84,21.6,11.8,15.8,37.6,35.2,0.0,15.0,82,70,-1.0,-1.6,0.5
2026-04-28,15.5,10.5,12.6,0.5,0.0,0.0,5.0,51,99,22.5,10.5,17.9,0.0,0.0,0.0,0.0,3,70,-5.3,-2.2,2.1
2026-04-29,19.5,7.5,13.3,0.0,0.0,0.0,0.0,3,82,18.5,14.2,16.4,7.1,5.4,0.0,13.0,61,100,-3.1,0.7,-1.5
2026-04-30,22.0,9.6,15.8,0.0,0.0,0.0,0.0,3,50,15.4,12.1,13.7,1.7,1.7,0.0,10.0,51,100,2.1,2.5,-2.7
2026-05-01,24.8,12.3,17.0,0.0,0.0,0.0,0.0,3,48,20.4,10.7,14.1,41.7,39.8,0.0,14.0,82,75,2.9,1.2,0.4
2026-05-02,22.3,12.1,16.2,1.1,1.1,0.0,3.0,53,100,26.1,12.9,19.6,0.0,0.0,0.0,0.0,3,45,-3.4,-0.8,5.5
2026-05-03,14.6,10.8,12.7,11.5,10.2,0.0,18.0,80,100,23.2,13.9,18.2,0.3,0.3,0.0,2.0,51,95,-5.5,-3.5,-1.4
2026-05-04,19.3,8.1,13.0,0.7,0.3,0.0,2.0,53,17,26.3,15.2,21.4,4.9,4.8,0.0,8.0,80,89,-8.4,0.3,3.2
2026-05-05,19.4,7.5,13.2,0.0,0.0,0.0,0.0,0,0,21.4,11.6,16.3,0.0,0.0,0.0,0.0,3,52,-3.1,0.2,-5.1
2026-05-06,22.8,9.0,15.4,0.0,0.0,0.0,0.0,3,18,20.2,14.8,17.5,0.0,0.0,0.0,0.0,3,100,-2.1,2.2,1.2
2026-05-07,20.2,12.1,14.8,4.2,3.6,0.0,4.0,80,89,24.6,16.1,20.0,0.0,0.0,0.0,0.0,3,61,-5.2,-0.6,2.5
2026-05-08,19.6,10.1,14.8,0.0,0.0,0.0,0.0,1,4,25.8,17.5,21.5,0.0,0.0,0.0,0.0,3,92,-6.7,0.0,1.5
2026-05-09,22.2,9.2,15.6,0.0,0.0,0.0,0.0,3,21,23.9,16.1,19.8,0.0,0.0,0.0,0.0,3,87,-4.2,0.8,-1.7
2026-05-10,24.1,10.5,16.9,0.0,0.0,0.0,0.0,3,56,24.4,14.1,19.2,0.0,0.0,0.0,0.0,3,25,-2.3,1.3,-0.6
2026-05-11,21.9,12.0,16.0,8.1,2.7,0.0,10.0,95,75,25.2,17.0,20.7,0.1,0.0,0.0,1.0,51,17,-4.7,-0.9,1.5
2026-05-12,24.7,14.7,18.4,1.2,0.2,0.0,6.0,53,67,25.7,16.7,21.0,0.0,0.0,0.0,0.0,3,38,-2.6,2.4,0.3
2026-05-13,23.9,12.2,17.9,0.0,0.0,0.0,0.0,3,38,27.5,15.7,21.5,0.3,0.2,0.0,2.0,51,47,-3.6,-0.5,0.5
2026-05-14,31.3,13.7,23.0,0.0,0.0,0.0,0.0,2,8,26.6,14.7,20.3,0.8,0.2,0.0,5.0,51,54,2.7,5.1,-1.2
2026-05-15,32.0,18.5,24.6,0.0,0.0,0.0,0.0,0,0,24.4,13.6,18.5,0.0,0.0,0.0,0.0,3,43,6.1,1.6,-1.8
2026-05-16,30.0,18.3,23.9,0.0,0.0,0.0,0.0,0,2,27.2,14.4,20.6,0.0,0.0,0.0,0.0,1,6,3.3,-0.7,2.1
2026-05-17,29.6,16.9,22.9,0.0,0.0,0.0,0.0,3,50,31.2,17.1,23.9,0.0,0.0,0.0,0.0,0,1,-1.0,-1.0,3.3
2026-05-18,29.9,16.5,23.4,0.0,0.0,0.0,0.0,3,42,30.2,17.9,23.6,0.0,0.0,0.0,0.0,0,0,-0.2,0.5,-0.3
2026-05-19,24.6,19.9,22.3,0.3,0.0,0.0,1.0,51,99,29.9,18.2,23.8,0.0,0.0,0.0,0.0,3,22,-1.5,-1.1,0.2
2026-05-20,21.9,15.3,17.6,49.0,35.7,0.0,17.0,81,100,30.9,19.6,24.9,0.0,0.0,0.0,0.0,3,58,-7.3,-4.7,1.1
2026-05-21,20.0,15.2,17.2,18.6,6.3,0.0,15.0,95,99,23.5,15.7,19.3,9.5,6.6,0.0,12.0,80,100,-2.1,-0.4,-5.6
2026-05-22,25.1,14.9,19.3,0.0,0.0,0.0,0.0,3,76,17.7,12.4,14.9,17.7,5.9,0.0,15.0,95,98,4.4,2.1,-4.4
2026-05-23,22.2,13.9,17.7,0.3,0.1,0.0,2.0,51,64,17.3,11.6,14.1,0.0,0.0,0.0,0.0,3,93,3.6,-1.6,-0.8
2026-05-24,26.7,14.3,20.4,0.0,0.0,0.0,0.0,3,34,22.6,13.3,17.7,0.7,0.2,0.0,3.0,53,84,2.7,2.7,3.6
2026-05-25,28.8,17.1,22.9,0.0,0.0,0.0,0.0,3,73,25.9,16.5,20.8,0.2,0.0,0.0,2.0,51,77,2.1,2.5,3.1
2026-05-26,27.6,20.5,23.3,3.4,2.4,0.0,7.0,55,96,26.5,17.5,21.6,0.1,0.0,0.0,1.0,51,88,1.7,0.4,0.8
2026-05-27,24.3,19.1,21.0,11.7,6.0,0.0,12.0,81,96,28.2,18.8,23.3,1.6,0.6,0.0,5.0,53,86,-2.3,-2.3,1.7
2026-05-28,25.6,17.0,20.2,2.0,1.4,0.0,10.0,53,68,28.9,20.7,24.6,0.8,0.5,0.0,6.0,51,49,-4.4,-0.8,1.3
2026-05-29,26.0,16.4,20.2,0.0,0.0,0.0,0.0,3,26,32.3,22.7,26.9,0.0,0.0,0.0,0.0,3,53,-6.7,0.0,2.3
2026-05-30,26.9,15.2,20.6,0.0,0.0,0.0,0.0,0,0,30.1,20.9,25.0,0.1,0.0,0.0,1.0,51,35,-4.4,0.4,-1.9
2026-05-31,29.5,16.2,22.8,0.0,0.0,0.0,0.0,3,29,32.2,21.5,25.7,0.8,0.1,0.0,3.0,53,68,-2.9,2.2,0.7
2026-06-01,28.1,17.4,22.9,0.0,0.0,0.0,0.0,3,88,33.7,20.3,26.1,0.0,0.0,0.0,0.0,3,41,-3.2,0.1,0.4
2026-06-02,32.4,17.9,25.5,0.0,0.0,0.0,0.0,2,16,26.4,20.1,22.9,2.1,2.1,0.0,5.0,53,99,2.6,2.6,-3.2
2026-06-03,32.0,20.5,25.8,0.2,0.2,0.0,2.0,51,72,20.4,18.1,19.1,143.2,110.9,0.0,18.0,82,91,6.7,0.3,-3.8
2026-06-04,28.8,19.5,22.9,18.1,3.5,0.0,18.0,95,85,23.8,17.8,20.3,0.0,0.0,0.0,0.0,3,98,2.6,-2.9,1.2
2026-06-05,25.0,15.9,20.2,0.9,0.4,0.0,6.0,51,45,21.0,15.7,18.1,0.2,0.1,0.0,2.0,51,79,2.1,-2.7,-2.2
2026-06-06,28.2,15.1,21.9,0.0,0.0,0.0,0.0,3,64,23.0,15.1,18.2,0.0,0.0,0.0,0.0,3,94,3.7,1.7,0.1
2026-06-07,24.8,19.3,22.2,2.1,0.9,0.0,2.0,80,83,21.4,15.4,18.3,10.0,10.0,0.0,10.0,61,99,3.9,0.3,0.1
2026-06-08,26.8,16.4,21.5,0.8,0.4,0.0,5.0,51,69,24.0,18.1,20.5,8.1,5.7,0.0,13.0,80,99,1.0,-0.7,2.2
2026-06-09,28.7,16.4,22.1,0.0,0.0,0.0,0.0,3,22,22.6,18.9,20.3,18.2,15.3,0.0,16.0,81,100,1.8,0.6,-0.2
2026-06-10,26.3,15.1,20.6,3.7,3.6,0.0,5.0,61,27,23.2,17.8,19.7,2.6,1.4,0.0,7.0,53,90,0.9,-1.5,-0.6
2026-06-11,25.8,16.4,20.8,0.7,0.1,0.0,4.0,51,38,24.6,16.4,20.3,1.4,1.1,0.0,4.0,53,86,0.5,0.2,0.6
2026-06-12,27.3,16.9,22.2,0.1,0.1,0.0,1.0,51,18,25.0,17.2,20.3,19.8,5.1,0.0,9.0,95,59,1.9,1.4,0.0
2026-06-13,32.1,16.9,24.3,0.0,0.0,0.0,0.0,3,32,27.3,17.3,22.2,2.3,0.8,0.0,4.0,80,54,2.1,2.1,1.9
2026-06-14,30.4,20.4,24.1,1.6,1.5,0.0,4.0,53,77,26.3,18.6,22.4,0.2,0.2,0.0,2.0,51,87,1.7,-0.2,0.2
2026-06-15,33.3,18.5,25.5,0.4,0.4,0.0,2.0,51,52,22.0,17.2,19.4,6.1,5.7,0.0,13.0,53,70,6.1,1.4,-3.0
2026-06-16,33.8,22.2,27.7,0.5,0.4,0.0,4.0,51,46,26.6,16.1,21.4,0.0,0.0,0.0,0.0,3,72,6.3,2.2,2.0
2026-06-17,32.9,22.7,27.2,1.5,0.9,0.0,8.0,51,40,27.4,18.4,22.8,0.0,0.0,0.0,0.0,3,69,4.4,-0.5,1.4
2026-06-18,32.6,21.8,26.9,1.5,0.6,0.0,5.0,53,43,27.0,20.0,22.3,28.5,16.7,0.0,15.0,81,86,4.6,-0.3,-0.5
2026-06-19,34.2,22.3,26.9,9.0,7.7,0.0,13.0,61,90,28.5,19.7,23.9,0.7,0.3,0.0,2.0,53,73,3.0,0.0,1.6
2026-06-20,23.4,20.5,21.6,56.3,25.8,0.0,21.0,95,100,24.8,20.9,22.1,27.1,18.1,0.0,21.0,81,98,-0.5,-5.3,-1.8
2026-06-21,26.6,19.4,22.6,0.2,0.2,0.0,2.0,51,99,26.8,21.1,23.9,20.1,17.0,0.0,8.0,95,99,-1.3,1.0,1.8
2026-06-22,26.2,20.9,23.2,2.4,1.4,0.0,12.0,53,97,27.7,19.8,22.8,0.1,0.0,0.0,1.0,51,96,0.4,0.6,-1.1
2026-06-23,28.9,19.6,23.9,0.6,0.3,0.0,2.0,53,39,24.0,18.0,20.5,0.0,0.0,0.0,0.0,3,94,3.4,0.7,-2.3
2026-06-24,27.3,17.4,22.6,0.0,0.0,0.0,0.0,3,67,25.9,17.4,21.4,0.1,0.0,0.0,1.0,51,99,1.2,-1.3,0.9
2026-06-25,24.0,18.8,21.3,0.7,0.2,0.0,5.0,51,81,22.3,19.3,20.7,18.1,16.7,0.0,24.0,80,100,0.6,-1.3,-0.7
2026-06-26,28.3,17.0,22.6,0.3,0.2,0.0,1.0,51,33,26.3,19.6,22.1,29.9,20.4,0.0,22.0,95,98,0.5,1.3,1.4
2026-06-27,32.6,20.0,26.1,0.0,0.0,0.0,0.0,3,88,23.5,20.7,22.1,59.1,37.1,0.0,21.0,95,87,4.0,3.5,0.0
2026-06-28,31.7,22.3,26.2,1.5,1.3,0.0,7.0,51,42,23.5,21.2,22.5,7.1,3.9,0.0,13.0,80,93,3.7,0.1,0.4
2026-06-29,32.3,21.1,26.2,2.4,2.1,0.0,8.0,53,66,26.7,20.1,22.9,2.7,2.1,0.0,9.0,53,77,3.3,0.0,0.4
2026-06-30,32.7,22.5,26.9,1.0,1.0,0.0,8.0,51,76,28.5,20.5,24.2,2.6,2.0,0.0,10.0,53,69,2.7,0.7,1.3
2026-07-01,32.3,21.9,26.3,2.8,2.5,0.0,9.0,55,87,28.1,20.0,24.0,2.2,1.7,0.0,5.0,55,89,2.3,-0.6,-0.2
2026-07-02,27.9,21.4,23.8,9.9,2.9,0.0,13.0,81,78,23.7,21.0,22.0,28.4,18.5,0.0,14.0,81,96,1.8,-2.5,-2.0
2026-07-03,29.3,21.7,25.0,3.6,2.5,0.0,14.0,53,76,25.7,20.6,22.9,2.8,2.7,0.0,13.0,51,84,2.1,1.2,0.9
2026-07-04,31.3,22.3,26.2,0.5,0.2,0.0,5.0,51,67,26.1,19.8,23.0,1.2,0.8,0.0,7.0,53,98,3.2,1.2,0.1
2026-07-05,30.5,22.6,25.4,23.1,3.4,0.0,16.0,95,92,26.7,21.2,23.7,3.9,1.4,0.0,13.0,53,97,1.7,-0.8,0.7
2026-07-06,29.0,22.7,24.9,19.5,3.9,0.0,20.0,96,79,25.5,20.4,22.7,7.6,4.2,0.0,13.0,80,95,2.2,-0.5,-1.0
2026-07-07,29.6,22.9,25.8,8.4,6.3,0.0,13.0,95,96,25.2,19.6,22.6,0.4,0.2,0.0,3.0,51,70,3.2,0.9,-0.1
2026-07-08,27.5,23.2,25.4,22.8,6.8,0.0,11.0,95,94,28.7,20.2,24.3,0.0,0.0,0.0,0.0,3,73,1.1,-0.4,1.7
2026-07-09,25.9,22.9,23.9,15.4,9.6,0.0,21.0,95,93,30.4,21.8,25.9,0.0,0.0,0.0,0.0,3,37,-2.0,-1.5,1.6
2026-07-10,27.8,22.1,24.4,35.6,12.7,0.0,22.0,96,96,32.6,23.0,27.3,0.0,0.0,0.0,0.0,2,11,-2.9,0.5,1.4
2026-07-11,32.1,23.6,27.8,0.1,0.1,0.0,1.0,51,74,32.1,23.6,27.9,0.0,0.0,0.0,0.0,3,85,-0.1,3.4,0.6
2026-07-12,34.0,24.8,29.5,0.4,0.4,0.0,3.0,51,47,32.8,25.3,28.2,0.3,0.3,0.0,2.0,51,99,1.3,1.7,0.3
2026-07-13,32.4,25.9,29.2,3.1,2.2,0.0,12.0,53,25,32.5,25.7,28.3,2.7,2.7,0.0,9.0,53,89,0.9,-0.3,0.1
2026-07-14,32.4,25.3,28.0,45.6,23.3,0.0,17.0,95,83,36.1,24.5,30.2,0.0,0.0,0.0,0.0,3,64,-2.2,-1.2,1.9
2026-07-15,26.9,23.1,24.9,8.5,6.2,0.0,14.0,81,91,35.4,26.8,30.7,0.5,0.2,0.0,2.0,95,69,-5.8,-3.1,0.5
2026-07-16,29.8,21.7,25.6,0.2,0.2,0.0,2.0,51,72,36.7,27.5,31.5,2.7,1.7,0.0,5.0,80,84,-5.9,0.7,0.8
2026-07-17,30.5,23.3,26.5,7.9,6.5,0.0,5.0,81,93,32.4,25.7,28.3,24.4,6.5,0.0,18.0,96,95,-1.8,0.9,-3.2
2026-07-18,27.7,19.7,24.8,58.2,32.4,0.0,20.0,96,96,29.2,25.3,27.2,2.5,1.4,0.0,6.0,80,72,-2.4,-1.7,-1.1
2026-07-19,28.6,22.7,25.2,1.0,0.8,0.0,8.0,51,94,32.6,25.0,28.7,0.0,0.0,0.0,0.0,3,35,-3.5,0.4,1.5
2026-07-20,26.3,23.1,24.3,24.2,18.9,0.0,18.0,95,96,37.1,25.8,31.6,0.0,0.0,0.0,0.0,1,6,-7.3,-0.9,2.9
2026-07-21,26.2,24.2,25.0,25.1,13.6,0.0,19.0,95,94,38.1,27.8,32.7,4.6,2.2,0.0,8.0,96,29,-7.7,0.7,1.1
2026-07-22,29.1,23.3,25.3,11.5,5.4,0.0,14.0,96,95,37.9,28.3,32.6,4.0,2.5,0.0,6.0,95,31,-7.3,0.3,-0.1
2026-07-23,27.8,23.8,25.3,50.8,12.2,0.0,24.0,96,99,38.3,28.3,32.1,8.5,3.5,0.0,6.0,96,27,-6.8,0.0,-0.5
2026-07-24,31.4,24.3,27.5,2.1,0.6,0.0,11.0,95,61,34.7,26.0,29.3,14.8,4.5,0.0,17.0,96,64,-1.8,2.2,-2.8
2026-07-25,30.3,24.9,27.3,3.6,1.2,0.0,14.0,95,89,37.0,26.4,30.0,3.2,2.4,0.0,11.0,95,63,-2.7,-0.2,0.7
2026-07-26,29.9,24.7,26.5,9.6,3.4,0.0,22.0,96,84,34.5,24.7,28.8,15.2,3.0,0.0,7.0,95,52,-2.3,-0.8,-1.2
2026-07-27,29.9,23.4,26.1,6.8,2.4,0.0,15.0,96,92,30.8,23.9,26.8,3.2,2.8,0.0,15.0,53,91,-0.7,-0.4,-2.0
2026-07-28,31.1,25.1,27.5,3.4,1.5,0.0,17.0,95,74,31.0,22.2,26.2,15.2,4.2,0.0,13.0,95,94,1.3,1.4,-0.6
2026-07-29,31.6,25.1,27.6,0.3,0.1,0.0,3.0,51,59,36.6,23.6,30.5,0.7,0.7,0.0,3.0,51,25,-2.9,0.1,4.3
2026-07-30,31.1,24.6,27.3,0.4,0.3,0.0,4.0,51,39,39.1,27.6,32.8,1.4,0.6,0.0,4.0,53,69,-5.5,-0.3,2.3
2026-07-31,32.1,24.6,28.1,1.4,1.1,0.0,10.0,51,48,38.4,27.0,31.4,5.3,2.2,0.0,5.0,95,83,-3.3,0.8,-1.4
2026-08-01,32.8,26.1,29.0,2.2,1.0,0.0,8.0,96,29,39.2,27.5,32.9,0.5,0.5,0.0,3.0,51,83,-3.9,0.9,1.5
2026-08-02,34.1,26.3,29.6,0.0,0.0,0.0,0.0,3,39,38.6,24.7,31.2,19.5,3.4,0.0,11.0,96,59,-1.6,0.6,-1.7
2026-08-03,37.2,25.3,30.9,0.1,0.1,0.0,1.0,51,4,27.2,23.5,25.0,1.4,0.9,0.0,8.0,51,97,5.9,1.3,-6.2
2026-08-04,36.6,28.7,32.0,2.7,1.9,0.0,9.0,95,26,30.0,21.7,25.7,0.1,0.0,0.0,1.0,51,63,6.3,1.1,0.7
2026-08-05,37.5,26.8,31.9,5.7,2.9,0.0,11.0,96,27,33.1,22.6,27.6,0.0,0.0,0.0,0.0,3,56,4.3,-0.1,1.9
2026-08-06,38.6,28.8,33.3,0.0,0.0,0.0,0.0,3,14,33.7,24.5,28.5,7.2,2.4,0.0,9.0,95,66,4.8,1.4,0.9
2026-08-07,38.4,29.4,33.5,0.6,0.5,0.0,4.0,51,10,34.1,26.6,29.8,1.1,0.5,0.0,3.0,53,17,3.7,0.2,1.3
2026-08-08,34.2,25.2,29.4,12.7,3.5,0.0,9.0,96,25,34.9,26.3,30.2,0.0,0.0,0.0,0.0,3,31,-0.8,-4.1,0.4
2026-08-09,32.7,23.8,27.4,0.2,0.2,0.0,2.0,51,65,35.7,25.8,29.8,3.0,1.4,0.0,6.0,53,88,-2.4,-2.0,-0.4
2026-08-10,33.8,21.9,28.0,2.4,1.0,0.0,4.0,55,94,32.7,23.2,27.4,3.4,2.0,0.0,11.0,55,43,0.6,0.6,-2.4
